y_true,y_pred,id
matematica,matematica,1837
fisica,fisica,7900
matematica,matematica,2010
biologia,biologia,5465
quimica,quimica,7143
historia,historia,12682
biologia,biologia,3510
matematica,matematica,2458
matematica,matematica,1715
sociologia,sociologia,15940
historia,historia,11125
fisica,fisica,9459
matematica,matematica,336
historia,historia,12142
geografia,geografia,16513
biologia,biologia,4974
literatura,literatura,14160
quimica,quimica,7733
historia,historia,12522
biologia,biologia,4033
quimica,biologia,5814
portugues,portugues,13100
historia,historia,11011
historia,historia,12705
biologia,biologia,3658
biologia,biologia,2546
fisica,fisica,8871
historia,historia,10631
artes,portugues,13499
fisica,fisica,8414
biologia,biologia,3405
quimica,quimica,7041
artes,historia,15144
biologia,biologia,4851
historia,historia,10050
biologia,biologia,5136
biologia,biologia,3754
historia,historia,11496
historia,historia,10445
matematica,matematica,2020
fisica,fisica,9074
literatura,literatura,14402
matematica,matematica,926
portugues,portugues,13164
fisica,quimica,8487
matematica,matematica,1348
fisica,fisica,9186
historia,historia,11725
matematica,matematica,864
sociologia,sociologia,17387
biologia,biologia,3708
matematica,matematica,328
historia,historia,10941
artes,artes,15485
historia,historia,9978
filosofia,portugues,16996
historia,historia,10804
filosofia,filosofia,15674
biologia,biologia,4004
quimica,quimica,6109
fisica,fisica,8935
historia,historia,11400
idiomas,idiomas,15604
fisica,fisica,7979
matematica,matematica,869
fisica,fisica,9523
biologia,biologia,4360
literatura,literatura,13930
geografia,sociologia,16161
literatura,literatura,14780
matematica,matematica,354
filosofia,filosofia,17031
biologia,fisica,2657
geografia,biologia,16064
fisica,fisica,8199
quimica,quimica,6758
biologia,biologia,3064
portugues,portugues,13723
historia,historia,11686
portugues,portugues,13242
historia,historia,10827
historia,historia,12078
fisica,fisica,8811
filosofia,filosofia,17114
geografia,geografia,16407
biologia,biologia,4154
quimica,quimica,5895
historia,historia,11690
fisica,fisica,8797
geografia,geografia,16277
literatura,literatura,14233
matematica,matematica,1454
filosofia,filosofia,15718
fisica,fisica,8016
historia,historia,9683
fisica,fisica,7912
biologia,quimica,5322
quimica,quimica,7723
quimica,quimica,7301
fisica,fisica,9403
filosofia,filosofia,16876
matematica,matematica,1796
fisica,fisica,9002
biologia,biologia,5013
biologia,biologia,5171
biologia,biologia,2849
fisica,fisica,8629
geografia,geografia,16154
biologia,biologia,4817
fisica,fisica,9378
biologia,biologia,5269
biologia,biologia,4046
matematica,matematica,2118
portugues,portugues,13637
historia,historia,10237
fisica,fisica,8560
historia,historia,10880
artes,artes,15010
historia,historia,11299
biologia,biologia,5260
historia,historia,11814
fisica,fisica,9387
geografia,geografia,16074
matematica,matematica,1374
filosofia,filosofia,15679
historia,historia,11570
matematica,matematica,20
matematica,matematica,2278
biologia,biologia,5147
quimica,quimica,6706
biologia,biologia,2734
portugues,portugues,13724
biologia,biologia,3770
historia,historia,10006
biologia,biologia,3547
biologia,biologia,3372
literatura,literatura,14470
quimica,quimica,6182
literatura,literatura,14774
quimica,quimica,6022
historia,historia,12690
historia,historia,10120
biologia,biologia,2572
portugues,literatura,13666
quimica,quimica,6374
historia,historia,9554
historia,historia,9553
quimica,quimica,6249
historia,historia,11976
fisica,fisica,8956
fisica,fisica,8816
biologia,biologia,3910
biologia,biologia,2754
biologia,biologia,3051
filosofia,portugues,17052
quimica,quimica,7075
matematica,matematica,2359
matematica,matematica,374
portugues,artes,13006
historia,historia,12239
historia,historia,10808
filosofia,filosofia,16797
literatura,literatura,14912
matematica,matematica,1954
biologia,biologia,3951
historia,historia,12084
historia,historia,12649
biologia,biologia,4112
biologia,biologia,5497
historia,historia,10467
portugues,literatura,12972
biologia,biologia,3653
historia,historia,10815
historia,historia,11103
biologia,biologia,4442
historia,historia,9786
portugues,portugues,12910
fisica,fisica,8855
historia,historia,11000
historia,historia,11258
quimica,quimica,7299
biologia,biologia,4897
sociologia,sociologia,17282
literatura,literatura,14918
quimica,quimica,7361
quimica,quimica,6685
biologia,biologia,3636
historia,historia,10154
portugues,portugues,13843
literatura,literatura,14170
quimica,quimica,5949
quimica,quimica,6486
fisica,fisica,7763
literatura,literatura,14291
fisica,fisica,8212
matematica,matematica,2134
artes,artes,15414
historia,historia,11013
matematica,matematica,1666
literatura,literatura,14427
matematica,matematica,945
historia,historia,10437
quimica,quimica,6562
matematica,matematica,2005
matematica,matematica,316
biologia,biologia,3107
artes,artes,15495
historia,historia,10719
biologia,biologia,4099
quimica,quimica,6747
matematica,matematica,1695
idiomas,idiomas,13558
biologia,biologia,4510
quimica,quimica,7133
fisica,fisica,9304
matematica,matematica,1770
fisica,quimica,8874
biologia,biologia,5332
quimica,quimica,6278
idiomas,idiomas,15626
historia,historia,9967
biologia,biologia,3904
literatura,literatura,14453
matematica,matematica,1682
historia,historia,12148
matematica,fisica,2127
quimica,quimica,7437
fisica,fisica,8139
historia,historia,11518
portugues,portugues,13062
biologia,biologia,4465
fisica,fisica,9367
fisica,fisica,8962
fisica,fisica,7821
biologia,biologia,2806
quimica,quimica,7413
biologia,biologia,3998
historia,historia,12587
biologia,biologia,5169
fisica,fisica,8349
portugues,portugues,12864
matematica,matematica,2145
filosofia,filosofia,15804
historia,historia,12436
portugues,portugues,13731
quimica,quimica,6923
historia,historia,12529
historia,historia,12779
quimica,quimica,7181
matematica,matematica,2110
biologia,biologia,4450
historia,historia,10036
biologia,biologia,3801
matematica,matematica,2175
fisica,geografia,8879
portugues,portugues,13801
idiomas,idiomas,13602
fisica,fisica,8140
biologia,biologia,4725
artes,artes,15047
biologia,biologia,3143
historia,historia,11237
matematica,matematica,1412
historia,historia,12747
historia,historia,9878
matematica,matematica,1352
historia,historia,11190
biologia,biologia,3030
matematica,matematica,2088
fisica,fisica,8355
fisica,fisica,8300
historia,historia,12421
literatura,artes,14810
historia,historia,10781
fisica,fisica,8607
historia,historia,9587
idiomas,idiomas,15588
fisica,fisica,7839
literatura,literatura,14478
literatura,literatura,14175
historia,historia,11388
literatura,literatura,14400
portugues,portugues,13873
matematica,matematica,904
biologia,biologia,5134
artes,artes,15298
historia,historia,10567
matematica,matematica,185
historia,historia,11033
biologia,biologia,3849
historia,historia,11620
biologia,biologia,2854
biologia,biologia,5546
fisica,fisica,7883
fisica,fisica,8077
portugues,portugues,12920
portugues,portugues,13125
quimica,quimica,7729
quimica,quimica,7071
matematica,matematica,218
portugues,portugues,13086
historia,historia,11200
biologia,biologia,4724
historia,historia,10093
geografia,geografia,16179
matematica,matematica,1403
quimica,quimica,7086
historia,historia,11248
biologia,biologia,3019
sociologia,artes,17259
fisica,fisica,8146
literatura,literatura,14526
artes,artes,15279
matematica,matematica,409
historia,historia,10951
fisica,fisica,8543
fisica,fisica,8675
filosofia,filosofia,16943
filosofia,filosofia,15742
biologia,biologia,2901
portugues,literatura,12857
historia,historia,11543
filosofia,filosofia,16537
portugues,portugues,12837
biologia,biologia,3275
historia,historia,11224
geografia,geografia,16166
biologia,biologia,4297
matematica,matematica,539
filosofia,filosofia,16913
matematica,matematica,287
historia,historia,10649
quimica,quimica,6368
biologia,biologia,3935
historia,historia,9545
biologia,biologia,2702
historia,historia,10293
biologia,biologia,4316
matematica,matematica,909
biologia,biologia,4751
historia,historia,12056
quimica,quimica,6858
literatura,literatura,14103
fisica,fisica,8764
historia,historia,12439
matematica,matematica,709
quimica,quimica,6947
historia,historia,11257
fisica,fisica,8399
historia,historia,11451
sociologia,sociologia,17379
matematica,matematica,322
fisica,fisica,9329
geografia,geografia,16220
artes,artes,15273
historia,historia,12102
portugues,portugues,13790
matematica,matematica,1028
fisica,fisica,8929
fisica,quimica,7835
artes,artes,15096
biologia,biologia,4689
fisica,fisica,8064
historia,historia,10703
biologia,biologia,5408
matematica,matematica,260
fisica,fisica,7933
matematica,matematica,1148
biologia,biologia,4709
matematica,matematica,2228
biologia,biologia,5435
historia,historia,12751
historia,historia,10363
artes,artes,14970
historia,historia,10511
filosofia,filosofia,16767
filosofia,sociologia,15666
matematica,matematica,1890
quimica,quimica,7250
quimica,quimica,7628
biologia,biologia,3943
matematica,matematica,506
portugues,portugues,13039
biologia,biologia,4344
matematica,matematica,451
idiomas,idiomas,13618
artes,artes,14972
historia,historia,9535
sociologia,portugues,15912
historia,historia,12223
historia,literatura,12171
filosofia,filosofia,16603
artes,artes,15434
historia,historia,9854
artes,artes,15201
fisica,fisica,9187
geografia,geografia,16272
fisica,fisica,9460
matematica,matematica,2488
biologia,biologia,4190
matematica,matematica,1766
historia,historia,12541
biologia,biologia,3356
fisica,fisica,8867
artes,artes,15143
portugues,artes,13881
fisica,fisica,8884
historia,historia,10597
biologia,biologia,4266
historia,historia,12429
matematica,fisica,122
portugues,literatura,13722
biologia,biologia,4157
quimica,quimica,6190
matematica,matematica,1492
historia,historia,11433
fisica,fisica,7792
matematica,matematica,555
biologia,biologia,4337
filosofia,filosofia,16799
fisica,fisica,8196
historia,artes,12750
geografia,geografia,16081
filosofia,filosofia,16719
biologia,biologia,4439
matematica,matematica,9
quimica,quimica,6904
matematica,matematica,2479
quimica,quimica,6835
biologia,biologia,2946
literatura,literatura,14904
historia,historia,12685
quimica,quimica,6114
literatura,literatura,14165
quimica,quimica,7021
artes,artes,15422
historia,historia,12043
quimica,quimica,7140
biologia,biologia,3888
historia,historia,10459
geografia,geografia,15970
matematica,matematica,812
historia,historia,11563
literatura,literatura,14273
quimica,quimica,6443
biologia,biologia,5532
literatura,literatura,14894
historia,historia,10366
literatura,literatura,14010
historia,historia,12063
quimica,fisica,6358
historia,artes,10938
portugues,portugues,13208
artes,artes,14996
matematica,matematica,1978
historia,historia,11062
artes,artes,14988
matematica,matematica,2320
biologia,biologia,4790
geografia,geografia,16150
historia,historia,11754
matematica,matematica,764
historia,historia,9791
geografia,geografia,16451
fisica,fisica,9057
historia,historia,10057
matematica,matematica,48
literatura,literatura,14447
quimica,quimica,6573
fisica,fisica,8380
matematica,matematica,1122
fisica,matematica,8100
literatura,literatura,14729
fisica,fisica,9405
idiomas,idiomas,15607
historia,historia,12617
biologia,biologia,3324
historia,historia,10070
portugues,portugues,13269
filosofia,filosofia,17042
filosofia,filosofia,16908
matematica,matematica,1523
geografia,historia,15966
historia,historia,12591
matematica,matematica,796
literatura,literatura,14649
historia,historia,11634
historia,historia,10253
filosofia,filosofia,16912
biologia,biologia,2610
historia,historia,12218
historia,historia,12054
historia,historia,10429
quimica,quimica,5787
matematica,matematica,432
quimica,quimica,5972
historia,historia,11985
historia,historia,12819
quimica,quimica,6195
literatura,literatura,14754
fisica,fisica,8441
biologia,biologia,4973
artes,historia,15124
fisica,fisica,8445
literatura,literatura,14016
historia,historia,9670
historia,historia,12673
artes,historia,15017
biologia,biologia,3435
quimica,biologia,6348
filosofia,filosofia,15792
historia,historia,10390
biologia,biologia,4217
matematica,matematica,1164
matematica,matematica,734
literatura,portugues,13305
artes,artes,15457
matematica,matematica,2376
fisica,fisica,9202
fisica,fisica,8332
literatura,artes,13314
historia,historia,11458
historia,historia,10640
historia,historia,11227
biologia,biologia,4661
historia,historia,11584
matematica,matematica,367
matematica,matematica,1745
quimica,quimica,6487
quimica,quimica,7164
biologia,biologia,4167
historia,historia,10543
historia,historia,12786
biologia,biologia,4210
geografia,geografia,16178
historia,historia,10122
historia,historia,10407
artes,artes,13392
fisica,fisica,8177
biologia,biologia,3838
literatura,literatura,14924
biologia,biologia,4399
fisica,fisica,8050
literatura,literatura,14764
quimica,quimica,6075
matematica,matematica,994
fisica,fisica,9407
quimica,quimica,5884
portugues,portugues,13763
fisica,fisica,8529
historia,historia,9689
matematica,matematica,261
historia,historia,11782
artes,artes,15194
matematica,matematica,2055
matematica,matematica,745
matematica,matematica,511
matematica,matematica,15
sociologia,sociologia,15918
portugues,portugues,13678
filosofia,filosofia,16793
biologia,biologia,3088
biologia,fisica,5690
biologia,biologia,2526
historia,historia,11663
historia,historia,10183
historia,historia,10647
portugues,portugues,13007
biologia,biologia,4101
biologia,quimica,3367
biologia,biologia,5031
quimica,quimica,6779
portugues,portugues,12886
historia,filosofia,11355
fisica,fisica,9163
quimica,quimica,6425
biologia,biologia,2938
biologia,biologia,4981
biologia,biologia,4128
quimica,quimica,5747
matematica,matematica,2123
biologia,biologia,4554
matematica,matematica,358
matematica,matematica,1012
historia,historia,10207
biologia,biologia,3313
fisica,fisica,8569
matematica,matematica,85
matematica,matematica,559
biologia,quimica,2792
fisica,quimica,8500
historia,historia,10677
historia,historia,11045
fisica,fisica,7815
portugues,portugues,13772
fisica,fisica,8172
matematica,matematica,249
biologia,biologia,3618
geografia,geografia,16185
geografia,historia,16263
geografia,geografia,16416
literatura,portugues,13355
matematica,matematica,1963
matematica,matematica,1714
fisica,fisica,7908
quimica,quimica,6426
biologia,biologia,4984
historia,historia,11894
matematica,matematica,867
matematica,matematica,2181
filosofia,filosofia,15715
matematica,matematica,1676
historia,historia,10147
historia,historia,10392
matematica,matematica,1558
filosofia,filosofia,17099
literatura,literatura,14536
historia,historia,12497
historia,filosofia,11999
biologia,biologia,4011
matematica,matematica,2168
artes,artes,15161
matematica,matematica,1624
fisica,quimica,8479
artes,artes,13415
artes,artes,15475
artes,artes,13475
fisica,fisica,7776
sociologia,sociologia,17313
matematica,matematica,1140
fisica,matematica,7807
fisica,fisica,9164
biologia,quimica,2920
geografia,biologia,16477
literatura,literatura,14455
matematica,matematica,2456
quimica,quimica,7576
historia,historia,11365
matematica,matematica,1711
matematica,matematica,71
portugues,portugues,13854
quimica,quimica,6144
quimica,quimica,6212
matematica,matematica,291
historia,historia,10710
matematica,quimica,2092
literatura,literatura,14330
historia,historia,9706
matematica,matematica,1536
historia,historia,10646
historia,historia,11378
matematica,matematica,1078
biologia,biologia,2699
literatura,historia,14019
fisica,biologia,8547
quimica,quimica,7417
filosofia,filosofia,15683
quimica,quimica,5736
quimica,quimica,6880
biologia,quimica,2755
fisica,fisica,8957
matematica,matematica,2445
literatura,artes,14054
historia,historia,9630
historia,historia,9723
filosofia,filosofia,17134
biologia,biologia,4930
idiomas,idiomas,15638
historia,historia,9692
biologia,biologia,3911
biologia,quimica,3693
literatura,literatura,14680
quimica,quimica,7223
historia,filosofia,11284
biologia,biologia,3975
matematica,matematica,840
historia,historia,11899
quimica,quimica,6419
historia,historia,11776
quimica,quimica,7668
geografia,fisica,16112
matematica,matematica,721
artes,artes,13452
historia,historia,12657
matematica,matematica,395
historia,historia,12129
portugues,historia,13190
historia,historia,9602
sociologia,sociologia,17264
matematica,matematica,2251
historia,historia,10240
biologia,biologia,3015
matematica,matematica,1040
fisica,fisica,9158
artes,artes,13478
biologia,biologia,5538
quimica,quimica,7515
biologia,biologia,4895
fisica,fisica,9318
geografia,geografia,16384
historia,historia,11520
literatura,literatura,14029
historia,historia,12086
idiomas,idiomas,15600
matematica,matematica,1965
matematica,matematica,1316
quimica,quimica,6668
historia,biologia,12494
biologia,biologia,2886
filosofia,filosofia,15780
literatura,literatura,13313
historia,historia,12434
filosofia,filosofia,16873
fisica,fisica,8872
biologia,biologia,3746
historia,historia,10420
historia,historia,10927
artes,artes,14980
matematica,matematica,1167
historia,historia,12647
historia,historia,10079
geografia,sociologia,15969
fisica,matematica,7797
idiomas,idiomas,15544
filosofia,filosofia,17200
historia,historia,10982
matematica,quimica,2130
fisica,fisica,8193
biologia,biologia,5162
biologia,biologia,2831
matematica,matematica,399
portugues,portugues,13846
quimica,quimica,6302
historia,historia,12406
biologia,biologia,4823
historia,historia,12232
historia,historia,12432
historia,historia,9732
biologia,biologia,3616
biologia,biologia,4247
quimica,biologia,6761
sociologia,historia,17405
portugues,portugues,13046
historia,historia,10211
portugues,portugues,13181
historia,historia,10793
quimica,quimica,5744
portugues,portugues,13215
historia,historia,11250
matematica,matematica,410
matematica,matematica,2338
geografia,geografia,16264
geografia,biologia,16475
literatura,literatura,14762
matematica,matematica,684
literatura,literatura,14314
fisica,fisica,7917
biologia,biologia,2627
quimica,quimica,6959
literatura,literatura,14413
artes,artes,15356
biologia,biologia,5226
historia,historia,10398
biologia,biologia,4867
geografia,geografia,16488
quimica,quimica,6260
literatura,literatura,14391
biologia,geografia,5406
biologia,biologia,4741
quimica,quimica,6003
artes,artes,15101
historia,historia,11193
fisica,fisica,8179
matematica,matematica,1384
fisica,fisica,9465
filosofia,historia,16844
matematica,matematica,1806
biologia,biologia,3624
filosofia,filosofia,17186
quimica,quimica,7268
biologia,biologia,5550
artes,artes,15004
artes,artes,15119
fisica,fisica,8826
matematica,matematica,2349
biologia,biologia,3595
biologia,biologia,5141
biologia,biologia,3235
filosofia,artes,15650
quimica,quimica,6146
historia,historia,10613
historia,historia,12211
matematica,matematica,34
matematica,matematica,1497
historia,historia,11302
biologia,biologia,2772
matematica,matematica,510
quimica,quimica,6491
historia,historia,11097
fisica,fisica,9071
matematica,matematica,264
biologia,biologia,2808
historia,historia,11289
biologia,biologia,5565
historia,historia,11100
historia,historia,9761
historia,historia,11879
filosofia,filosofia,17026
quimica,quimica,6545
quimica,biologia,5842
biologia,biologia,4722
biologia,biologia,2880
matematica,matematica,219
literatura,literatura,14772
biologia,biologia,3534
filosofia,filosofia,16688
biologia,biologia,3434
quimica,quimica,6516
quimica,quimica,6216
matematica,matematica,1371
literatura,fisica,14846
quimica,quimica,6016
historia,historia,10783
sociologia,geografia,17384
biologia,biologia,4058
matematica,matematica,1058
matematica,matematica,2309
matematica,matematica,1985
idiomas,idiomas,15602
fisica,fisica,9508
portugues,portugues,13213
fisica,fisica,9330
literatura,literatura,14608
historia,historia,12362
biologia,biologia,4755
biologia,biologia,5573
biologia,quimica,3317
filosofia,filosofia,15692
biologia,biologia,4305
filosofia,filosofia,16637
biologia,quimica,5609
geografia,biologia,16501
literatura,literatura,14020
literatura,literatura,14153
historia,historia,10773
matematica,fisica,521
fisica,fisica,8224
geografia,historia,16041
biologia,biologia,4374
historia,historia,11598
literatura,literatura,14091
historia,historia,9858
portugues,portugues,13090
matematica,matematica,2158
filosofia,filosofia,15652
fisica,fisica,8917
literatura,literatura,14459
matematica,matematica,2451
biologia,biologia,5605
fisica,fisica,7860
biologia,biologia,5158
matematica,matematica,1541
literatura,literatura,14840
quimica,quimica,7589
matematica,matematica,171
literatura,literatura,14731
sociologia,geografia,15883
fisica,fisica,9516
historia,historia,12335
matematica,matematica,1576
portugues,portugues,12903
fisica,quimica,8397
quimica,quimica,6978
matematica,matematica,827
idiomas,idiomas,13553
geografia,geografia,15983
biologia,quimica,3764
biologia,biologia,3426
literatura,literatura,14056
quimica,quimica,6334
quimica,quimica,7465
quimica,quimica,6661
sociologia,sociologia,17349
quimica,quimica,6499
biologia,biologia,5126
historia,historia,10019
historia,historia,12454
quimica,quimica,6326
historia,historia,11001
biologia,biologia,3025
fisica,fisica,9441
portugues,portugues,13857
artes,historia,15055
biologia,biologia,3777
geografia,geografia,16343
fisica,fisica,9094
historia,historia,12393
matematica,matematica,1784
matematica,matematica,2478
matematica,matematica,606
portugues,portugues,12849
artes,historia,15031
literatura,literatura,13957
biologia,biologia,3430
biologia,fisica,4290
filosofia,filosofia,15640
fisica,fisica,8716
matematica,matematica,879
biologia,biologia,4873
literatura,literatura,13991
filosofia,filosofia,16885
historia,historia,11604
biologia,biologia,3847
filosofia,filosofia,16723
matematica,matematica,1787
artes,artes,15372
matematica,matematica,701
biologia,geografia,5381
historia,historia,12287
matematica,matematica,2247
quimica,quimica,7008
matematica,matematica,922
biologia,biologia,4187
matematica,matematica,587
matematica,matematica,2079
literatura,literatura,14575
filosofia,filosofia,16926
filosofia,filosofia,17060
historia,historia,10538
biologia,biologia,4707
quimica,quimica,6174
biologia,biologia,4411
quimica,quimica,6823
filosofia,filosofia,16740
literatura,literatura,14158
biologia,biologia,3050
geografia,geografia,16195
biologia,biologia,3338
artes,artes,13382
historia,historia,9988
historia,historia,12230
fisica,fisica,8864
historia,historia,12257
historia,historia,11369
artes,artes,15133
fisica,fisica,8662
historia,historia,11188
artes,artes,13389
geografia,geografia,16294
quimica,quimica,6432
historia,historia,12397
quimica,quimica,7304
biologia,biologia,2583
fisica,fisica,8761
historia,historia,11012
fisica,fisica,9419
biologia,biologia,3419
quimica,quimica,6202
fisica,fisica,8848
quimica,quimica,7276
matematica,matematica,1088
idiomas,idiomas,15541
portugues,artes,13087
portugues,matematica,13710
biologia,biologia,4238
biologia,biologia,2955
matematica,matematica,124
matematica,matematica,1892
filosofia,filosofia,17165
quimica,quimica,7709
matematica,matematica,1237
biologia,biologia,4114
biologia,biologia,2677
artes,literatura,15174
biologia,biologia,2535
matematica,matematica,1322
literatura,literatura,14486
literatura,literatura,13291
matematica,matematica,1021
quimica,quimica,7302
fisica,fisica,8438
biologia,biologia,5199
literatura,literatura,14748
historia,historia,10232
biologia,biologia,4449
biologia,biologia,4886
quimica,quimica,6827
historia,historia,11120
quimica,quimica,7287
biologia,biologia,3753
matematica,matematica,1800
literatura,literatura,14831
matematica,matematica,1324
historia,historia,11055
quimica,quimica,7686
historia,historia,12790
matematica,matematica,1319
fisica,fisica,9398
fisica,matematica,9101
biologia,biologia,3729
filosofia,filosofia,17211
historia,historia,11106
historia,historia,12543
fisica,fisica,9316
literatura,literatura,14451
filosofia,filosofia,17065
biologia,biologia,4106
quimica,quimica,5937
matematica,matematica,347
matematica,matematica,751
historia,historia,10732
matematica,matematica,331
artes,portugues,13517
sociologia,historia,15938
quimica,quimica,6951
literatura,literatura,14300
historia,historia,11099
quimica,quimica,7222
sociologia,historia,15889
quimica,quimica,5762
historia,historia,10530
sociologia,sociologia,17350
quimica,quimica,6671
filosofia,filosofia,17158
biologia,biologia,3074
matematica,matematica,1920
fisica,fisica,9274
sociologia,sociologia,17288
fisica,fisica,8613
historia,historia,10193
fisica,fisica,8605
fisica,fisica,8230
literatura,literatura,14543
matematica,matematica,1979
matematica,matematica,6
quimica,quimica,6632
literatura,literatura,14002
biologia,biologia,2821
literatura,literatura,14662
sociologia,historia,15886
matematica,matematica,274
fisica,fisica,8810
matematica,matematica,2146
quimica,quimica,6974
fisica,fisica,7896
biologia,biologia,5072
sociologia,historia,17291
historia,historia,11194
fisica,quimica,9069
geografia,geografia,16454
matematica,matematica,908
matematica,matematica,21
fisica,fisica,9017
literatura,portugues,13309
quimica,quimica,6225
biologia,biologia,4789
historia,filosofia,9559
literatura,literatura,14199
historia,historia,10408
fisica,fisica,8583
biologia,biologia,5021
historia,historia,9566
fisica,fisica,8197
geografia,geografia,16450
biologia,biologia,4686
biologia,biologia,3395
historia,historia,11694
matematica,matematica,754
biologia,biologia,4231
quimica,quimica,7198
artes,artes,13436
quimica,quimica,6757
artes,artes,15287
quimica,quimica,7440
historia,historia,11612
literatura,literatura,14669
matematica,matematica,752
matematica,matematica,62
literatura,literatura,14523
filosofia,filosofia,16874
literatura,literatura,14792
sociologia,sociologia,17235
biologia,biologia,2827
filosofia,filosofia,17018
biologia,biologia,4848
quimica,quimica,6378
matematica,matematica,320
fisica,fisica,8664
historia,historia,10895
matematica,matematica,102
literatura,literatura,14739
biologia,biologia,3315
biologia,biologia,3596
biologia,biologia,4094
fisica,fisica,9453
biologia,biologia,4503
biologia,biologia,5654
quimica,quimica,7114
biologia,biologia,2594
historia,historia,11571
matematica,matematica,252
historia,historia,12149
geografia,geografia,16048
quimica,quimica,5837
portugues,portugues,13842
matematica,matematica,1924
historia,historia,10921
historia,historia,10549
biologia,biologia,3853
filosofia,filosofia,16856
matematica,matematica,2281
fisica,fisica,8427
literatura,literatura,14695
quimica,quimica,6437
artes,artes,15441
historia,geografia,12485
matematica,matematica,2070
biologia,biologia,3580
idiomas,idiomas,15619
portugues,portugues,12855
matematica,matematica,915
fisica,fisica,8727
historia,historia,10514
filosofia,filosofia,15701
artes,historia,15060
matematica,matematica,885
historia,historia,10465
fisica,fisica,8294
filosofia,filosofia,16540
historia,historia,11147
matematica,matematica,928
quimica,quimica,6293
biologia,biologia,4470
historia,historia,11079
matematica,matematica,1946
literatura,literatura,13926
quimica,quimica,6073
filosofia,filosofia,16728
literatura,literatura,14107
historia,historia,12274
quimica,quimica,6933
quimica,quimica,6680
biologia,biologia,2992
portugues,portugues,13845
fisica,fisica,8774
matematica,matematica,2009
literatura,literatura,13959
matematica,matematica,1768
fisica,fisica,9427
biologia,biologia,2967
fisica,fisica,8894
historia,historia,10813
matematica,matematica,1615
historia,historia,12140
idiomas,idiomas,15611
biologia,biologia,2924
portugues,portugues,13119
sociologia,sociologia,17374
biologia,biologia,4677
historia,historia,9718
historia,historia,11882
literatura,literatura,14816
quimica,quimica,7443
portugues,sociologia,13276
matematica,geografia,281
quimica,quimica,7655
quimica,biologia,7110
fisica,fisica,8031
geografia,geografia,16353
fisica,fisica,9181
quimica,quimica,7557
artes,artes,15388
matematica,matematica,1321
fisica,fisica,8378
filosofia,filosofia,16590
quimica,quimica,6493
quimica,quimica,6399
portugues,portugues,12955
portugues,geografia,13021
artes,literatura,15332
historia,historia,10417
artes,portugues,15371
fisica,fisica,7783
literatura,portugues,13372
historia,historia,11731
artes,fisica,13406
biologia,biologia,2875
fisica,fisica,7932
biologia,biologia,2537
historia,historia,11051
geografia,historia,16129
historia,historia,9982
matematica,matematica,1644
quimica,quimica,6799
fisica,fisica,9505
filosofia,filosofia,16660
fisica,fisica,9464
portugues,portugues,13189
biologia,biologia,5229
sociologia,sociologia,17315
fisica,fisica,8601
fisica,fisica,8240
historia,historia,10393
filosofia,filosofia,16992
biologia,biologia,3311
literatura,literatura,14637
historia,historia,11936
quimica,quimica,7051
fisica,fisica,8824
literatura,literatura,14549
filosofia,filosofia,16880
filosofia,artes,16866
matematica,matematica,2233
literatura,literatura,14576
portugues,portugues,13233
artes,artes,13464
literatura,literatura,14903
quimica,quimica,7607
quimica,quimica,6505
biologia,biologia,4203
geografia,geografia,16281
biologia,biologia,5494
matematica,matematica,1369
filosofia,filosofia,15779
matematica,matematica,151
historia,historia,9532
matematica,matematica,2481
sociologia,artes,17258
biologia,biologia,3298
biologia,biologia,3695
historia,historia,11168
historia,artes,9840
biologia,biologia,3423
quimica,biologia,5839
matematica,matematica,1356
quimica,quimica,6105
artes,artes,15378
biologia,biologia,4216
geografia,geografia,16159
matematica,matematica,2125
matematica,matematica,1328
idiomas,idiomas,13562
literatura,literatura,14344
filosofia,filosofia,16967
matematica,matematica,55
literatura,literatura,14228
matematica,quimica,832
biologia,biologia,3828
matematica,matematica,971
quimica,quimica,5720
idiomas,idiomas,13596
biologia,biologia,3014
historia,historia,11592
matematica,matematica,1494
literatura,literatura,14267
historia,historia,10888
filosofia,filosofia,16983
quimica,quimica,7022
sociologia,historia,15859
geografia,geografia,16445
sociologia,filosofia,17342
fisica,fisica,7950
quimica,quimica,6877
quimica,quimica,7536
biologia,biologia,3059
geografia,geografia,16371
biologia,biologia,4937
historia,historia,9606
matematica,matematica,1409
historia,historia,9930
matematica,matematica,830
historia,historia,9845
quimica,quimica,6087
matematica,matematica,69
geografia,quimica,16489
quimica,quimica,7121
fisica,fisica,8060
portugues,artes,13044
literatura,literatura,14606
filosofia,filosofia,16605
quimica,quimica,6148
filosofia,filosofia,15703
fisica,fisica,8263
historia,geografia,11915
fisica,fisica,8574
biologia,biologia,5164
artes,artes,13448
biologia,biologia,4129
historia,historia,11995
matematica,matematica,938
biologia,biologia,2586
historia,historia,10644
historia,historia,11929
portugues,portugues,12931
literatura,literatura,13964
biologia,biologia,5067
matematica,fisica,182
historia,historia,11336
fisica,fisica,9254
literatura,literatura,14703
historia,historia,10033
portugues,portugues,13695
fisica,fisica,8247
fisica,fisica,8937
biologia,biologia,2919
quimica,quimica,7253
historia,historia,11793
quimica,quimica,5955
portugues,portugues,13182
quimica,quimica,6940
historia,historia,10820
biologia,biologia,5340
biologia,biologia,3296
literatura,literatura,14951
historia,historia,12280
fisica,fisica,8630
biologia,biologia,2770
biologia,biologia,3336
quimica,quimica,6246
matematica,fisica,1842
historia,historia,9722
matematica,matematica,2113
fisica,fisica,8350
fisica,fisica,8305
artes,artes,14968
biologia,matematica,5708
quimica,quimica,6175
historia,historia,11613
quimica,geografia,7327
biologia,biologia,4292
artes,artes,15376
quimica,quimica,6134
matematica,matematica,706
geografia,geografia,16469
matematica,matematica,935
historia,historia,11914
matematica,matematica,1093
historia,historia,10152
matematica,fisica,804
literatura,literatura,14839
matematica,matematica,480
matematica,matematica,132
biologia,biologia,3067
quimica,quimica,6848
quimica,quimica,6811
biologia,biologia,5703
artes,artes,15244
fisica,fisica,8941
quimica,quimica,5859
literatura,historia,13317
historia,historia,10111
filosofia,historia,17078
biologia,biologia,3234
biologia,biologia,2803
biologia,biologia,2584
fisica,fisica,8754
portugues,portugues,13066
biologia,biologia,5023
biologia,biologia,5107
filosofia,literatura,17050
biologia,biologia,4246
historia,historia,9579
biologia,biologia,5504
historia,historia,9800
matematica,matematica,1823
biologia,biologia,4808
fisica,fisica,8001
matematica,matematica,1489
biologia,biologia,4170
historia,historia,11385
quimica,quimica,7169
fisica,fisica,9124
fisica,fisica,7954
biologia,biologia,4908
matematica,matematica,715
fisica,fisica,8958
quimica,quimica,7540
filosofia,filosofia,16628
historia,historia,10243
fisica,fisica,9157
matematica,matematica,641
biologia,biologia,5457
matematica,matematica,361
literatura,literatura,14376
historia,historia,11848
historia,historia,10896
matematica,matematica,2003
quimica,quimica,7402
geografia,biologia,16453
biologia,quimica,4348
matematica,matematica,1854
filosofia,filosofia,16835
matematica,matematica,963
fisica,fisica,8328
historia,historia,11401
filosofia,filosofia,17140
biologia,biologia,5100
fisica,fisica,8757
matematica,matematica,1808
historia,historia,9931
historia,historia,10695
fisica,fisica,8876
matematica,fisica,1744
portugues,portugues,13713
historia,historia,12367
artes,literatura,15239
matematica,matematica,380
quimica,quimica,6209
biologia,biologia,5041
filosofia,filosofia,17104
fisica,fisica,8701
historia,historia,12602
matematica,matematica,1184
historia,historia,10996
fisica,fisica,9148
biologia,biologia,3206
matematica,matematica,1023
historia,historia,11947
quimica,biologia,7145
biologia,biologia,4460
historia,historia,9708
matematica,matematica,2267
quimica,quimica,5768
matematica,matematica,801
historia,historia,10975
biologia,biologia,3288
artes,artes,15291
quimica,quimica,7475
idiomas,idiomas,15590
filosofia,filosofia,15695
literatura,literatura,14035
historia,historia,10075
biologia,biologia,4562
portugues,portugues,13160
fisica,fisica,8970
artes,historia,13434
biologia,biologia,3044
matematica,matematica,2026
literatura,literatura,14308
literatura,literatura,14482
biologia,biologia,3947
historia,historia,12536
portugues,portugues,13099
matematica,matematica,1640
matematica,matematica,612
literatura,literatura,14073
quimica,quimica,7560
biologia,biologia,5223
historia,historia,11090
matematica,matematica,1227
historia,historia,12117
filosofia,filosofia,16694
literatura,literatura,14369
filosofia,filosofia,17126
fisica,fisica,9458
portugues,portugues,13669
biologia,biologia,4919
biologia,biologia,4392
historia,historia,9593
fisica,fisica,9247
fisica,fisica,7931
fisica,fisica,7865
fisica,fisica,9470
filosofia,filosofia,16703
literatura,literatura,14262
literatura,literatura,14365
biologia,biologia,3486
portugues,portugues,13671
fisica,fisica,9240
fisica,fisica,9264
historia,historia,11956
historia,historia,10199
matematica,matematica,1366
historia,historia,11178
sociologia,filosofia,17341
biologia,biologia,3683
quimica,quimica,6919
biologia,biologia,4343
fisica,fisica,8699
biologia,biologia,4063
fisica,fisica,8728
biologia,biologia,4334
historia,historia,12721
geografia,geografia,16136
biologia,biologia,3252
fisica,matematica,9333
historia,historia,10835
sociologia,sociologia,15860
matematica,matematica,703
literatura,literatura,13319
geografia,geografia,16322
fisica,fisica,8338
historia,historia,10869
biologia,biologia,2752
historia,historia,12710
historia,historia,10325
geografia,geografia,16517
fisica,fisica,8342
literatura,literatura,14747
biologia,biologia,3412
artes,artes,14959
quimica,quimica,6271
historia,historia,12246
fisica,fisica,9120
literatura,literatura,14587
biologia,biologia,4123
biologia,biologia,4871
filosofia,filosofia,15814
matematica,matematica,1483
biologia,biologia,3949
biologia,biologia,3579
literatura,literatura,13307
historia,historia,11860
fisica,fisica,8052
biologia,biologia,4885
geografia,sociologia,16054
quimica,quimica,7239
fisica,fisica,7823
filosofia,portugues,16994
quimica,quimica,7568
literatura,literatura,14046
historia,historia,12138
quimica,quimica,6479
quimica,quimica,6651
sociologia,sociologia,17286
historia,historia,10386
filosofia,filosofia,16985
quimica,quimica,7418
biologia,biologia,5275
artes,artes,15081
historia,historia,11791
quimica,quimica,7581
matematica,matematica,484
fisica,fisica,8949
literatura,literatura,14728
biologia,biologia,4527
matematica,matematica,837
biologia,biologia,4338
biologia,biologia,5006
artes,artes,15323
geografia,geografia,16466
geografia,geografia,16332
biologia,biologia,3502
historia,historia,11870
matematica,matematica,138
historia,historia,12360
fisica,fisica,7986
biologia,biologia,4386
biologia,biologia,3979
literatura,artes,14066
fisica,fisica,9491
filosofia,filosofia,16927
biologia,biologia,3985
portugues,portugues,13120
quimica,quimica,7364
historia,historia,10025
historia,historia,11416
artes,artes,13390
literatura,literatura,14668
portugues,portugues,13011
biologia,biologia,3820
biologia,biologia,3323
historia,historia,9811
filosofia,filosofia,16565
literatura,artes,13336
biologia,biologia,3551
historia,historia,11271
literatura,literatura,13371
matematica,matematica,763
quimica,quimica,6089
portugues,portugues,13682
historia,historia,10831
matematica,matematica,64
quimica,quimica,6551
quimica,fisica,6356
biologia,geografia,3834
fisica,fisica,8292
historia,historia,10581
idiomas,idiomas,15625
literatura,literatura,14926
biologia,biologia,3261
matematica,matematica,2436
fisica,fisica,8655
portugues,portugues,13136
historia,historia,12426
fisica,fisica,7992
literatura,literatura,14334
quimica,quimica,7062
fisica,fisica,8763
matematica,matematica,2389
quimica,quimica,7641
quimica,quimica,6196
filosofia,filosofia,16973
biologia,biologia,4044
historia,historia,10480
literatura,literatura,14215
literatura,literatura,14735
matematica,matematica,512
biologia,biologia,3121
historia,historia,12753
quimica,quimica,6139
fisica,fisica,8249
historia,historia,12745
artes,artes,15294
matematica,matematica,826
biologia,quimica,2612
matematica,matematica,327
literatura,literatura,13940
fisica,biologia,9474
literatura,literatura,14333
matematica,matematica,1694
literatura,literatura,14030
quimica,quimica,6665
fisica,fisica,8122
matematica,matematica,634
matematica,matematica,1283
matematica,matematica,2013
fisica,quimica,9352
matematica,matematica,1663
fisica,fisica,8726
biologia,biologia,3890
biologia,biologia,4111
quimica,matematica,7508
filosofia,filosofia,16580
quimica,quimica,7489
matematica,matematica,1200
filosofia,filosofia,15739
historia,historia,9977
historia,historia,9582
matematica,matematica,1657
quimica,quimica,7616
biologia,biologia,4915
historia,historia,10946
biologia,biologia,3669
biologia,biologia,2974
matematica,matematica,1198
matematica,matematica,1818
biologia,biologia,4107
historia,historia,10348
geografia,geografia,15961
historia,historia,11601
quimica,quimica,6754
fisica,fisica,8595
quimica,quimica,6495
historia,historia,11968
biologia,biologia,4695
biologia,biologia,4844
quimica,quimica,6760
quimica,quimica,6649
biologia,biologia,4904
fisica,fisica,8777
biologia,biologia,4991
geografia,geografia,16335
literatura,literatura,14666
matematica,matematica,1112
biologia,biologia,2705
quimica,quimica,7640
historia,historia,9619
filosofia,filosofia,15824
quimica,filosofia,5752
matematica,matematica,609
geografia,geografia,16340
fisica,fisica,7832
biologia,biologia,2789
quimica,fisica,6058
matematica,matematica,2214
quimica,quimica,6873
matematica,matematica,1511
historia,historia,10935
quimica,quimica,6351
historia,historia,10761
matematica,matematica,899
fisica,fisica,8888
geografia,geografia,16374
idiomas,idiomas,13541
matematica,matematica,2086
matematica,matematica,876
fisica,fisica,9283
geografia,geografia,16276
artes,artes,13445
fisica,fisica,8123
historia,historia,11794
matematica,matematica,2040
historia,sociologia,9844
matematica,matematica,1218
biologia,quimica,2715
biologia,biologia,3997
historia,historia,12124
quimica,quimica,6691
portugues,portugues,13759
matematica,matematica,622
biologia,biologia,4489
historia,historia,12553
quimica,quimica,7158
matematica,matematica,1859
portugues,artes,12946
historia,historia,11745
filosofia,filosofia,16529
biologia,biologia,5032
artes,artes,14990
fisica,fisica,8830
quimica,quimica,6875
historia,historia,10150
literatura,historia,14027
historia,historia,11569
portugues,portugues,13094
fisica,fisica,8679
fisica,matematica,9423
quimica,quimica,6558
artes,artes,15448
filosofia,filosofia,17002
biologia,biologia,4529
fisica,fisica,9412
historia,historia,12548
historia,historia,11323
filosofia,filosofia,16534
fisica,fisica,9339
filosofia,filosofia,17172
fisica,fisica,7780
geografia,portugues,16059
filosofia,filosofia,17193
historia,historia,12613
historia,historia,10680
quimica,quimica,6244
historia,historia,10252
biologia,biologia,3992
geografia,geografia,16157
geografia,geografia,16418
fisica,fisica,8383
matematica,matematica,1127
artes,artes,13424
historia,historia,11492
historia,historia,11817
artes,artes,13437
filosofia,filosofia,15706
geografia,geografia,16032
biologia,biologia,3269
geografia,geografia,16246
biologia,biologia,5611
fisica,fisica,9188
geografia,geografia,16425
historia,historia,10204
fisica,fisica,8181
matematica,matematica,2311
quimica,quimica,7221
quimica,quimica,7597
biologia,biologia,4603
biologia,biologia,5362
matematica,matematica,903
filosofia,historia,16833
historia,historia,11377
historia,historia,10506
matematica,matematica,504
fisica,fisica,8117
literatura,literatura,14905
biologia,biologia,5563
matematica,fisica,602
fisica,fisica,9213
matematica,matematica,427
filosofia,filosofia,16562
fisica,fisica,7972
idiomas,idiomas,13610
biologia,biologia,4534
portugues,portugues,13107
historia,historia,11252
biologia,biologia,4610
filosofia,filosofia,15828
historia,historia,10969
historia,historia,9653
matematica,matematica,1517
biologia,biologia,3335
historia,historia,10625
biologia,biologia,5606
quimica,quimica,6460
matematica,matematica,51
artes,artes,15364
historia,historia,11145
biologia,biologia,4561
historia,historia,10599
fisica,fisica,8909
quimica,quimica,5766
matematica,matematica,426
historia,historia,12029
quimica,quimica,6236
fisica,fisica,8969
quimica,quimica,5803
matematica,matematica,884
filosofia,filosofia,16616
matematica,matematica,1277
biologia,biologia,2665
historia,historia,12712
historia,historia,10482
fisica,fisica,9064
literatura,literatura,13341
quimica,quimica,7050
biologia,biologia,3583
filosofia,filosofia,17090
idiomas,idiomas,15594
biologia,biologia,5479
matematica,matematica,1804
portugues,portugues,13725
literatura,literatura,14948
fisica,biologia,8055
biologia,biologia,4502
biologia,biologia,3571
fisica,biologia,9055
biologia,biologia,4025
portugues,portugues,12928
quimica,quimica,7513
filosofia,filosofia,16761
fisica,fisica,8078
quimica,quimica,7403
literatura,literatura,14812
matematica,matematica,2061
fisica,fisica,9025
historia,historia,11060
historia,historia,10176
quimica,quimica,5750
quimica,quimica,7113
matematica,matematica,1545
matematica,matematica,2502
artes,artes,13467
historia,historia,11675
historia,historia,10633
literatura,literatura,14094
fisica,fisica,8666
portugues,portugues,13114
matematica,matematica,2185
biologia,biologia,4330
geografia,geografia,16280
quimica,quimica,7019
biologia,biologia,4640
artes,historia,15008
matematica,matematica,300
biologia,biologia,5355
matematica,matematica,1248
matematica,matematica,1945
quimica,quimica,7439
matematica,matematica,2059
biologia,biologia,2989
biologia,biologia,4644
historia,historia,10215
matematica,matematica,1769
literatura,literatura,14068
quimica,quimica,7026
historia,historia,11008
artes,artes,15284
matematica,matematica,765
fisica,fisica,8640
biologia,biologia,5231
quimica,quimica,6193
fisica,fisica,8792
quimica,quimica,7303
filosofia,filosofia,16735
historia,historia,10030
literatura,literatura,14527
sociologia,sociologia,17378
artes,artes,15186
historia,historia,12353
artes,artes,15282
biologia,biologia,4982
historia,historia,11823
biologia,quimica,2590
filosofia,filosofia,17174
biologia,biologia,4555
biologia,biologia,4795
artes,literatura,15418
biologia,quimica,2639
historia,historia,9626
portugues,portugues,13097
portugues,artes,13049
fisica,fisica,9426
historia,historia,12527
matematica,matematica,2129
geografia,geografia,16497
sociologia,sociologia,17232
historia,historia,10433
historia,historia,9721
geografia,geografia,16415
biologia,biologia,3291
fisica,fisica,9091
matematica,matematica,1792
historia,historia,12561
historia,historia,11599
quimica,quimica,5862
artes,artes,14992
quimica,quimica,6490
biologia,biologia,5640
matematica,matematica,1944
geografia,geografia,16298
literatura,literatura,14726
idiomas,idiomas,13542
historia,historia,9843
fisica,fisica,8766
matematica,fisica,705
biologia,biologia,4354
quimica,quimica,7531
fisica,fisica,8782
quimica,quimica,5829
fisica,fisica,7772
biologia,portugues,2931
geografia,geografia,15968
matematica,matematica,2405
matematica,matematica,1044
geografia,historia,16231
historia,historia,10595
literatura,literatura,14331
artes,artes,15392
biologia,biologia,3705
filosofia,filosofia,16654
historia,historia,11439
matematica,matematica,1373
fisica,fisica,8403
historia,historia,12681
biologia,biologia,3699
matematica,matematica,1912
historia,historia,10309
artes,artes,15528
biologia,biologia,4673
fisica,fisica,8890
portugues,portugues,12924
fisica,fisica,7820
biologia,biologia,4881
quimica,fisica,7739
literatura,literatura,14660
historia,historia,9596
fisica,fisica,8442
matematica,matematica,2406
portugues,portugues,13880
filosofia,filosofia,17117
biologia,biologia,3685
historia,historia,10377
historia,historia,11292
historia,historia,12164
matematica,matematica,1289
literatura,literatura,14144
fisica,fisica,7882
historia,historia,10414
biologia,biologia,2663
matematica,matematica,795
historia,historia,12774
quimica,quimica,7274
historia,historia,12342
literatura,literatura,14743
matematica,matematica,1871
geografia,geografia,16396
literatura,literatura,14841
fisica,fisica,7817
biologia,biologia,4960
geografia,historia,15985
portugues,portugues,13112
historia,historia,12698
biologia,biologia,2958
biologia,biologia,3100
fisica,fisica,8951
fisica,fisica,9490
artes,historia,15032
matematica,matematica,1618
fisica,fisica,8495
matematica,matematica,1852
matematica,geografia,255
matematica,matematica,2407
portugues,portugues,13124
literatura,literatura,14525
fisica,fisica,8508
sociologia,portugues,17260
fisica,fisica,8066
historia,historia,10748
historia,historia,10158
matematica,matematica,1584
filosofia,filosofia,16962
historia,historia,10466
biologia,biologia,5039
historia,historia,10055
fisica,fisica,8903
literatura,literatura,13922
matematica,matematica,2352
biologia,biologia,5016
portugues,artes,12902
historia,historia,11697
fisica,fisica,9513
historia,historia,11326
historia,historia,12752
fisica,fisica,8779
biologia,biologia,3108
matematica,matematica,1329
artes,artes,14991
sociologia,sociologia,15922
historia,historia,10337
historia,historia,12590
literatura,literatura,14007
matematica,matematica,2184
quimica,quimica,7625
sociologia,sociologia,17412
historia,historia,10026
matematica,matematica,1660
historia,historia,10679
matematica,matematica,1966
historia,historia,10529
artes,artes,15303
quimica,quimica,6158
matematica,matematica,980
matematica,matematica,1303
sociologia,sociologia,15885
biologia,biologia,5026
literatura,literatura,14074
historia,historia,10547
quimica,quimica,6530
matematica,matematica,448
fisica,fisica,8084
fisica,fisica,8496
geografia,geografia,16288
biologia,biologia,3827
portugues,portugues,12838
idiomas,idiomas,13620
matematica,matematica,1428
historia,historia,11216
biologia,biologia,4221
matematica,matematica,2239
matematica,matematica,2413
literatura,literatura,14105
biologia,biologia,4376
historia,historia,10352
artes,portugues,13506
biologia,biologia,2681
historia,historia,11278
artes,artes,15037
quimica,quimica,7624
historia,historia,10890
biologia,biologia,5413
historia,historia,12302
historia,historia,12808
historia,historia,11877
quimica,quimica,6416
filosofia,historia,15743
fisica,fisica,8590
literatura,portugues,13311
biologia,biologia,3915
matematica,matematica,1955
artes,artes,15200
matematica,matematica,759
matematica,matematica,2226
historia,historia,11700
matematica,matematica,1600
biologia,biologia,4150
biologia,biologia,3972
filosofia,filosofia,16814
matematica,matematica,544
historia,historia,11270
biologia,biologia,4803
sociologia,portugues,17243
fisica,fisica,8157
fisica,fisica,8815
biologia,biologia,2910
matematica,matematica,1035
quimica,quimica,5943
literatura,literatura,14130
historia,historia,11450
geografia,geografia,16279
fisica,fisica,7850
fisica,fisica,7901
biologia,biologia,5195
quimica,quimica,6063
artes,artes,15478
artes,artes,15206
sociologia,sociologia,17308
matematica,matematica,1067
portugues,portugues,12927
historia,historia,9836
biologia,biologia,3704
quimica,quimica,7035
biologia,biologia,4961
matematica,matematica,2334
fisica,fisica,8105
historia,historia,12537
biologia,biologia,3503
quimica,quimica,6078
matematica,matematica,1471
historia,historia,9539
quimica,quimica,5964
matematica,matematica,1603
biologia,biologia,5467
historia,historia,11718
portugues,portugues,12882
sociologia,historia,17415
matematica,matematica,677
quimica,quimica,5844
geografia,geografia,16236
historia,historia,12633
filosofia,filosofia,16968
matematica,matematica,1143
matematica,matematica,2268
biologia,biologia,4949
portugues,portugues,13143
filosofia,filosofia,16889
biologia,biologia,5279
matematica,quimica,1923
idiomas,idiomas,15567
portugues,portugues,13232
biologia,biologia,4418
geografia,geografia,16403
idiomas,idiomas,15579
geografia,biologia,16115
matematica,matematica,189
biologia,biologia,5679
biologia,biologia,3945
historia,historia,9627
sociologia,sociologia,15916
biologia,biologia,5130
quimica,quimica,6007
fisica,fisica,9420
quimica,quimica,6221
portugues,portugues,13901
biologia,biologia,3384
fisica,fisica,8704
fisica,fisica,9319
filosofia,filosofia,17209
filosofia,historia,16706
matematica,matematica,961
fisica,fisica,8817
literatura,literatura,14771
idiomas,idiomas,13543
historia,historia,10121
biologia,biologia,4065
portugues,portugues,13642
matematica,filosofia,1490
artes,historia,15245
biologia,biologia,3814
historia,historia,10257
historia,historia,10509
literatura,portugues,14582
artes,artes,15302
fisica,fisica,9388
fisica,fisica,9177
quimica,quimica,7525
matematica,matematica,1334
fisica,fisica,9432
historia,historia,10616
matematica,matematica,1935
historia,historia,12737
biologia,biologia,3652
biologia,biologia,4882
filosofia,filosofia,16561
biologia,biologia,5240
historia,historia,10909
matematica,matematica,1605
portugues,portugues,13070
fisica,fisica,8555
matematica,matematica,414
fisica,fisica,9396
matematica,matematica,2345
biologia,biologia,4027
quimica,quimica,7551
matematica,fisica,285
artes,portugues,13497
quimica,quimica,6391
quimica,quimica,6766
historia,historia,12263
biologia,biologia,4451
quimica,biologia,7108
biologia,biologia,3155
idiomas,artes,13609
biologia,biologia,4456
fisica,fisica,8030
historia,historia,9675
matematica,matematica,813
fisica,fisica,8331
historia,historia,10412
matematica,matematica,168
matematica,matematica,1529
quimica,quimica,7477
biologia,biologia,5466
matematica,matematica,951
matematica,matematica,1158
biologia,biologia,3380
historia,historia,11467
fisica,quimica,9365
filosofia,filosofia,17035
historia,historia,11713
historia,historia,9986
literatura,literatura,14351
historia,historia,12442
fisica,fisica,9192
matematica,matematica,2520
historia,historia,11056
sociologia,portugues,15930
historia,historia,10557
matematica,matematica,2004
biologia,biologia,2727
fisica,fisica,8575
matematica,matematica,1065
filosofia,filosofia,17096
biologia,biologia,5378
fisica,fisica,8609
geografia,geografia,16233
historia,historia,9884
idiomas,idiomas,15634
fisica,fisica,8165
quimica,fisica,6324
biologia,biologia,3844
literatura,literatura,14862
quimica,quimica,6807
matematica,matematica,2358
matematica,matematica,981
biologia,biologia,3316
biologia,biologia,5529
quimica,quimica,6935
historia,historia,10300
quimica,quimica,7622
fisica,fisica,8656
biologia,biologia,3644
biologia,biologia,4171
portugues,portugues,13033
historia,historia,9641
geografia,geografia,16201
matematica,matematica,1802
portugues,portugues,13827
biologia,biologia,4074
quimica,quimica,7349
quimica,quimica,7320
biologia,biologia,5624
quimica,quimica,7088
historia,historia,9573
biologia,biologia,3518
filosofia,filosofia,16716
quimica,quimica,7387
quimica,quimica,6833
historia,historia,12267
filosofia,filosofia,17164
matematica,matematica,2518
historia,historia,10306
matematica,matematica,425
geografia,geografia,16378
matematica,matematica,1108
quimica,quimica,6386
biologia,biologia,3600
biologia,biologia,5447
literatura,literatura,14205
fisica,fisica,7822
matematica,matematica,1006
historia,historia,11637
biologia,biologia,4850
filosofia,filosofia,17010
filosofia,filosofia,16593
historia,historia,10317
historia,historia,11234
historia,historia,10076
matematica,matematica,1761
matematica,matematica,1144
quimica,quimica,7524
matematica,matematica,1419
historia,historia,10600
historia,historia,9610
matematica,matematica,1145
quimica,quimica,6181
historia,historia,12249
idiomas,idiomas,15543
matematica,matematica,683
historia,historia,10361
biologia,biologia,4045
biologia,geografia,3692
historia,historia,11818
artes,artes,15394
artes,artes,15471
matematica,matematica,246
biologia,biologia,4853
filosofia,filosofia,17218
portugues,portugues,13212
biologia,quimica,4630
biologia,biologia,2863
historia,historia,11209
biologia,biologia,5029
historia,historia,9888
quimica,quimica,7721
historia,historia,12231
historia,historia,9970
historia,historia,9902
biologia,biologia,2629
sociologia,sociologia,17314
biologia,biologia,3209
historia,historia,12564
matematica,matematica,1024
historia,historia,12293
filosofia,filosofia,16751
quimica,quimica,7454
literatura,literatura,14492
historia,historia,10782
historia,historia,11545
matematica,matematica,2453
historia,historia,12743
biologia,biologia,4951
quimica,quimica,7720
sociologia,sociologia,17312
geografia,geografia,16061
portugues,portugues,13645
quimica,quimica,6613
biologia,biologia,2620
biologia,biologia,5117
historia,historia,11441
biologia,biologia,5273
matematica,matematica,625
matematica,matematica,2486
portugues,portugues,13897
biologia,biologia,5666
historia,historia,9998
historia,historia,10632
quimica,quimica,6984
sociologia,artes,17272
biologia,biologia,3264
historia,artes,11163
fisica,fisica,9290
artes,artes,15069
biologia,biologia,2879
literatura,literatura,14445
geografia,sociologia,16042
matematica,matematica,1616
biologia,biologia,4050
fisica,fisica,8659
matematica,matematica,1043
quimica,biologia,7076
geografia,geografia,16476
historia,historia,9850
biologia,biologia,5478
matematica,matematica,42
matematica,matematica,1712
quimica,quimica,5881
biologia,biologia,2975
historia,historia,10812
fisica,fisica,9195
portugues,portugues,12906
historia,historia,12801
portugues,portugues,13662
quimica,quimica,5713
geografia,geografia,16369
biologia,biologia,3475
quimica,quimica,7278
artes,artes,15411
fisica,fisica,8162
filosofia,filosofia,15833
historia,historia,11876
fisica,fisica,8730
artes,artes,15176
artes,portugues,14975
matematica,matematica,1670
quimica,quimica,6166
historia,historia,11214
biologia,biologia,3299
literatura,literatura,14301
fisica,fisica,8551
matematica,matematica,248
fisica,fisica,9364
historia,historia,10126
matematica,matematica,220
quimica,quimica,6725
artes,portugues,13446
fisica,fisica,9103
historia,historia,10303
literatura,literatura,14245
historia,historia,12659
historia,historia,12622
historia,historia,12332
filosofia,filosofia,16890
biologia,biologia,3539
quimica,quimica,7665
historia,historia,10035
fisica,fisica,9005
biologia,biologia,5285
historia,historia,10578
biologia,matematica,5513
quimica,quimica,6536
historia,historia,9536
geografia,geografia,16189
biologia,biologia,4270
historia,historia,12035
historia,historia,10727
portugues,portugues,13074
biologia,biologia,3560
filosofia,filosofia,17188
quimica,quimica,7020
quimica,quimica,7746
biologia,biologia,5490
literatura,literatura,14707
fisica,fisica,8658
sociologia,filosofia,17370
quimica,fisica,6312
matematica,matematica,2440
artes,historia,15277
biologia,biologia,3012
historia,historia,11926
biologia,biologia,3922
quimica,quimica,5934
filosofia,filosofia,16583
filosofia,filosofia,16840
matematica,matematica,652
literatura,literatura,14042
historia,historia,10058
fisica,fisica,9225
historia,historia,10389
historia,biologia,12264
literatura,literatura,14643
biologia,biologia,4085
fisica,matematica,9241
literatura,literatura,14032
historia,filosofia,11356
literatura,historia,14432
quimica,quimica,6546
quimica,biologia,7365
historia,historia,12354
quimica,quimica,6149
artes,artes,15154
historia,artes,12759
biologia,biologia,5364
historia,idiomas,11553
biologia,biologia,4792
historia,historia,10753
quimica,quimica,6506
quimica,quimica,5815
filosofia,filosofia,16582
biologia,biologia,4202
fisica,fisica,8733
historia,historia,10072
matematica,matematica,1179
biologia,biologia,5099
matematica,matematica,1153
historia,historia,9568
biologia,biologia,2560
biologia,biologia,4149
quimica,quimica,7153
matematica,matematica,1599
biologia,biologia,4763
historia,historia,9893
artes,portugues,15374
biologia,biologia,4771
literatura,literatura,14021
fisica,fisica,7947
historia,historia,10273
fisica,fisica,8846
biologia,biologia,4732
historia,historia,10475
fisica,fisica,7924
historia,historia,10843
historia,historia,12477
portugues,portugues,13277
historia,historia,10913
quimica,quimica,7542
sociologia,biologia,17339
fisica,fisica,8883
quimica,quimica,6096
literatura,literatura,14059
historia,historia,12707
matematica,matematica,1123
historia,historia,11449
fisica,fisica,8159
historia,historia,9572
idiomas,idiomas,15599
biologia,biologia,4232
biologia,biologia,5077
historia,historia,11943
quimica,quimica,5827
quimica,quimica,5861
historia,historia,12521
historia,historia,9966
biologia,biologia,4029
biologia,biologia,3866
matematica,matematica,933
fisica,fisica,7956
portugues,portugues,13048
biologia,biologia,5266
fisica,fisica,9253
literatura,portugues,14942
quimica,quimica,6648
quimica,quimica,6026
fisica,quimica,7884
fisica,fisica,8280
matematica,matematica,2232
filosofia,filosofia,16785
historia,historia,11210
geografia,geografia,16410
historia,historia,9919
portugues,portugues,13760
artes,artes,13485
biologia,biologia,3194
portugues,portugues,13816
matematica,matematica,946
matematica,matematica,466
matematica,matematica,519
biologia,biologia,4565
geografia,historia,16058
matematica,matematica,1484
historia,historia,10919
historia,historia,11842
historia,historia,10764
historia,historia,10878
matematica,matematica,1025
artes,artes,15228
biologia,biologia,4281
biologia,biologia,2969
matematica,matematica,1665
biologia,biologia,3734
historia,historia,11256
artes,artes,15167
fisica,fisica,8127
literatura,literatura,14217
biologia,biologia,3711
historia,historia,10221
filosofia,filosofia,16759
literatura,literatura,13301
portugues,portugues,13271
historia,historia,11332
historia,historia,9704
quimica,quimica,7593
fisica,fisica,8049
historia,historia,10432
matematica,matematica,2216
biologia,biologia,3572
historia,historia,11934
literatura,literatura,14348
historia,historia,11212
historia,historia,11682
quimica,quimica,6189
matematica,matematica,742
geografia,geografia,16511
literatura,literatura,14768
biologia,biologia,3026
quimica,quimica,7045
quimica,biologia,5849
matematica,matematica,2472
fisica,fisica,8352
matematica,matematica,2443
matematica,matematica,2207
historia,historia,12115
fisica,matematica,8092
literatura,literatura,14654
historia,historia,9877
biologia,biologia,2555
artes,artes,15075
biologia,biologia,3215
historia,historia,10167
matematica,matematica,86
historia,historia,10642
biologia,biologia,4631
matematica,matematica,294
historia,historia,10044
geografia,geografia,16223
fisica,fisica,9391
filosofia,filosofia,16836
geografia,geografia,16503
fisica,fisica,8167
sociologia,geografia,17266
quimica,quimica,7411
historia,historia,11747
fisica,fisica,8588
historia,historia,11911
biologia,biologia,3493
artes,artes,15185
portugues,portugues,13657
portugues,historia,13694
idiomas,idiomas,13556
literatura,literatura,14766
sociologia,sociologia,17406
geografia,geografia,16122
portugues,portugues,13163
fisica,fisica,9499
quimica,quimica,7273
historia,historia,11249
literatura,literatura,14793
historia,historia,10609
matematica,matematica,1351
matematica,matematica,1003
literatura,literatura,14003
quimica,fisica,5922
filosofia,filosofia,17098
portugues,portugues,13768
biologia,biologia,3942
geografia,geografia,15975
historia,historia,10313
filosofia,filosofia,15667
biologia,biologia,3781
historia,historia,10523
historia,historia,11849
historia,historia,11508
artes,artes,15187
matematica,matematica,736
matematica,matematica,2299
literatura,literatura,13990
historia,historia,9926
biologia,biologia,4765
portugues,portugues,12981
historia,artes,12269
historia,historia,12048
filosofia,filosofia,16662
matematica,matematica,1905
matematica,matematica,636
filosofia,filosofia,16923
matematica,matematica,1007
historia,sociologia,9621
matematica,matematica,93
geografia,geografia,16210
historia,historia,12775
matematica,matematica,292
biologia,biologia,3843
portugues,portugues,12889
fisica,fisica,8518
biologia,fisica,3920
filosofia,filosofia,16556
biologia,biologia,4102
matematica,matematica,2513
biologia,biologia,2860
literatura,literatura,14932
matematica,matematica,1128
literatura,literatura,14548
historia,historia,11465
matematica,matematica,412
